180101078,1,0.00,0.00
180101078,2,0.00,0.00
180101078,3,0.00,0.00
180101078,4,0.00,0.00
180101078,5,0.00,0.00
180101078,6,0.00,0.00
180101078,7,0.00,0.00
180101078,8,0.00,0.00
180123042,1,0.00,0.00
180123042,2,0.00,0.00
180123042,3,0.00,0.00
180123042,4,0.00,0.00
180123042,5,0.00,0.00
180123042,6,0.00,0.00
180123042,7,0.00,0.00
180123042,8,0.00,0.00
180123015,1,0.00,0.00
180123015,2,0.00,0.00
180123015,3,0.00,0.00
180123015,4,0.00,0.00
180123015,5,0.00,0.00
180123015,6,0.00,0.00
180123015,7,0.00,0.00
180123015,8,0.00,0.00
180101017,1,0.00,0.00
180101017,2,0.00,0.00
180101017,3,0.00,0.00
180101017,4,0.00,0.00
180101017,5,0.00,0.00
180101017,6,0.00,0.00
180101017,7,0.00,0.00
180101017,8,0.00,0.00
180101015,1,0.00,0.00
180101015,2,0.00,0.00
180101015,3,0.00,0.00
180101015,4,0.00,0.00
180101015,5,0.00,0.00
180101015,6,0.00,0.00
180101015,7,0.00,0.00
180101015,8,0.00,0.00
180101040,1,0.00,0.00
180101040,2,0.00,0.00
180101040,3,0.00,0.00
180101040,4,0.00,0.00
180101040,5,0.00,0.00
180101040,6,0.00,0.00
180101040,7,0.00,0.00
180101040,8,0.00,0.00
180101047,1,0.00,0.00
180101047,2,0.00,0.00
180101047,3,0.00,0.00
180101047,4,0.00,0.00
180101047,5,0.00,0.00
180101047,6,0.00,0.00
180101047,7,0.00,0.00
180101047,8,0.00,0.00
180123030,1,0.00,0.00
180123030,2,0.00,0.00
180123030,3,0.00,0.00
180123030,4,0.00,0.00
180123030,5,0.00,0.00
180123030,6,0.00,0.00
180123030,7,0.00,0.00
180123030,8,0.00,0.00
180123028,1,0.00,0.00
180123028,2,0.00,0.00
180123028,3,0.00,0.00
180123028,4,0.00,0.00
180123028,5,0.00,0.00
180123028,6,0.00,0.00
180123028,7,0.00,0.00
180123028,8,0.00,0.00
180101023,1,0.00,0.00
180101023,2,0.00,0.00
180101023,3,0.00,0.00
180101023,4,0.00,0.00
180101023,5,0.00,0.00
180101023,6,0.00,0.00
180101023,7,0.00,0.00
180101023,8,0.00,0.00
180101025,1,0.00,0.00
180101025,2,0.00,0.00
180101025,3,0.00,0.00
180101025,4,0.00,0.00
180101025,5,0.00,0.00
180101025,6,0.00,0.00
180101025,7,0.00,0.00
180101025,8,0.00,0.00
180101008,1,0.00,0.00
180101008,2,0.00,0.00
180101008,3,0.00,0.00
180101008,4,0.00,0.00
180101008,5,0.00,0.00
180101008,6,0.00,0.00
180101008,7,0.00,0.00
180101008,8,0.00,0.00
180101089,1,0.00,0.00
180101089,2,0.00,0.00
180101089,3,0.00,0.00
180101089,4,0.00,0.00
180101089,5,0.00,0.00
180101089,6,0.00,0.00
180101089,7,0.00,0.00
180101089,8,0.00,0.00
180101005,1,0.00,0.00
180101005,2,0.00,0.00
180101005,3,0.00,0.00
180101005,4,0.00,0.00
180101005,5,0.00,0.00
180101005,6,0.00,0.00
180101005,7,0.00,0.00
180101005,8,0.00,0.00
180123048,1,0.00,0.00
180123048,2,0.00,0.00
180123048,3,0.00,0.00
180123048,4,0.00,0.00
180123048,5,0.00,0.00
180123048,6,0.00,0.00
180123048,7,0.00,0.00
180123048,8,0.00,0.00
180101091,1,0.00,0.00
180101091,2,0.00,0.00
180101091,3,0.00,0.00
180101091,4,0.00,0.00
180101091,5,0.00,0.00
180101091,6,0.00,0.00
180101091,7,0.00,0.00
180101091,8,0.00,0.00
180101059,1,0.00,0.00
180101059,2,0.00,0.00
180101059,3,0.00,0.00
180101059,4,0.00,0.00
180101059,5,0.00,0.00
180101059,6,0.00,0.00
180101059,7,0.00,0.00
180101059,8,0.00,0.00
180101055,1,0.00,0.00
180101055,2,0.00,0.00
180101055,3,0.00,0.00
180101055,4,0.00,0.00
180101055,5,0.00,0.00
180101055,6,0.00,0.00
180101055,7,0.00,0.00
180101055,8,0.00,0.00
180101043,1,0.00,0.00
180101043,2,0.00,0.00
180101043,3,0.00,0.00
180101043,4,0.00,0.00
180101043,5,0.00,0.00
180101043,6,0.00,0.00
180101043,7,0.00,0.00
180101043,8,0.00,0.00
180101086,1,0.00,0.00
180101086,2,0.00,0.00
180101086,3,0.00,0.00
180101086,4,0.00,0.00
180101086,5,0.00,0.00
180101086,6,0.00,0.00
180101086,7,0.00,0.00
180101086,8,0.00,0.00
180101090,1,0.00,0.00
180101090,2,0.00,0.00
180101090,3,0.00,0.00
180101090,4,0.00,0.00
180101090,5,0.00,0.00
180101090,6,0.00,0.00
180101090,7,0.00,0.00
180101090,8,0.00,0.00
180101039,1,0.00,0.00
180101039,2,0.00,0.00
180101039,3,0.00,0.00
180101039,4,0.00,0.00
180101039,5,0.00,0.00
180101039,6,0.00,0.00
180101039,7,0.00,0.00
180101039,8,0.00,0.00
180101077,1,0.00,0.00
180101077,2,0.00,0.00
180101077,3,0.00,0.00
180101077,4,0.00,0.00
180101077,5,0.00,0.00
180101077,6,0.00,0.00
180101077,7,0.00,0.00
180101077,8,0.00,0.00
180101048,1,0.00,0.00
180101048,2,0.00,0.00
180101048,3,0.00,0.00
180101048,4,0.00,0.00
180101048,5,0.00,0.00
180101048,6,0.00,0.00
180101048,7,0.00,0.00
180101048,8,0.00,0.00
180101083,1,0.00,0.00
180101083,2,0.00,0.00
180101083,3,0.00,0.00
180101083,4,0.00,0.00
180101083,5,0.00,0.00
180101083,6,0.00,0.00
180101083,7,0.00,0.00
180101083,8,0.00,0.00
180101088,1,0.00,0.00
180101088,2,0.00,0.00
180101088,3,0.00,0.00
180101088,4,0.00,0.00
180101088,5,0.00,0.00
180101088,6,0.00,0.00
180101088,7,0.00,0.00
180101088,8,0.00,0.00
180101009,1,0.00,0.00
180101009,2,0.00,0.00
180101009,3,0.00,0.00
180101009,4,0.00,0.00
180101009,5,0.00,0.00
180101009,6,0.00,0.00
180101009,7,0.00,0.00
180101009,8,0.00,0.00
180101007,1,0.00,0.00
180101007,2,0.00,0.00
180101007,3,0.00,0.00
180101007,4,0.00,0.00
180101007,5,0.00,0.00
180101007,6,0.00,0.00
180101007,7,0.00,0.00
180101007,8,0.00,0.00
180101002,1,0.00,0.00
180101002,2,0.00,0.00
180101002,3,0.00,0.00
180101002,4,0.00,0.00
180101002,5,0.00,0.00
180101002,6,0.00,0.00
180101002,7,0.00,0.00
180101002,8,0.00,0.00
180101041,1,0.00,0.00
180101041,2,0.00,0.00
180101041,3,0.00,0.00
180101041,4,0.00,0.00
180101041,5,0.00,0.00
180101041,6,0.00,0.00
180101041,7,0.00,0.00
180101041,8,0.00,0.00
180101058,1,0.00,0.00
180101058,2,0.00,0.00
180101058,3,0.00,0.00
180101058,4,0.00,0.00
180101058,5,0.00,0.00
180101058,6,0.00,0.00
180101058,7,0.00,0.00
180101058,8,0.00,0.00
180101045,1,0.00,0.00
180101045,2,0.00,0.00
180101045,3,0.00,0.00
180101045,4,0.00,0.00
180101045,5,0.00,0.00
180101045,6,0.00,0.00
180101045,7,0.00,0.00
180101045,8,0.00,0.00
180123023,1,0.00,0.00
180123023,2,0.00,0.00
180123023,3,0.00,0.00
180123023,4,0.00,0.00
180123023,5,0.00,0.00
180123023,6,0.00,0.00
180123023,7,0.00,0.00
180123023,8,0.00,0.00
180101029,1,0.00,0.00
180101029,2,0.00,0.00
180101029,3,0.00,0.00
180101029,4,0.00,0.00
180101029,5,0.00,0.00
180101029,6,0.00,0.00
180101029,7,0.00,0.00
180101029,8,0.00,0.00
180123008,1,0.00,0.00
180123008,2,0.00,0.00
180123008,3,0.00,0.00
180123008,4,0.00,0.00
180123008,5,0.00,0.00
180123008,6,0.00,0.00
180123008,7,0.00,0.00
180123008,8,0.00,0.00
180101065,1,0.00,0.00
180101065,2,0.00,0.00
180101065,3,0.00,0.00
180101065,4,0.00,0.00
180101065,5,0.00,0.00
180101065,6,0.00,0.00
180101065,7,0.00,0.00
180101065,8,0.00,0.00
180123025,1,0.00,0.00
180123025,2,0.00,0.00
180123025,3,0.00,0.00
180123025,4,0.00,0.00
180123025,5,0.00,0.00
180123025,6,0.00,0.00
180123025,7,0.00,0.00
180123025,8,0.00,0.00
180101067,1,0.00,0.00
180101067,2,0.00,0.00
180101067,3,0.00,0.00
180101067,4,0.00,0.00
180101067,5,0.00,0.00
180101067,6,0.00,0.00
180101067,7,0.00,0.00
180101067,8,0.00,0.00
180101061,1,0.00,0.00
180101061,2,0.00,0.00
180101061,3,0.00,0.00
180101061,4,0.00,0.00
180101061,5,0.00,0.00
180101061,6,0.00,0.00
180101061,7,0.00,0.00
180101061,8,0.00,0.00
180123005,1,0.00,0.00
180123005,2,0.00,0.00
180123005,3,0.00,0.00
180123005,4,0.00,0.00
180123005,5,0.00,0.00
180123005,6,0.00,0.00
180123005,7,0.00,0.00
180123005,8,0.00,0.00
180101063,1,0.00,0.00
180101063,2,0.00,0.00
180101063,3,0.00,0.00
180101063,4,0.00,0.00
180101063,5,0.00,0.00
180101063,6,0.00,0.00
180101063,7,0.00,0.00
180101063,8,0.00,0.00
180123024,1,0.00,0.00
180123024,2,0.00,0.00
180123024,3,0.00,0.00
180123024,4,0.00,0.00
180123024,5,0.00,0.00
180123024,6,0.00,0.00
180123024,7,0.00,0.00
180123024,8,0.00,0.00
180101018,1,0.00,0.00
180101018,2,0.00,0.00
180101018,3,0.00,0.00
180101018,4,0.00,0.00
180101018,5,0.00,0.00
180101018,6,0.00,0.00
180101018,7,0.00,0.00
180101018,8,0.00,0.00
180101075,1,0.00,0.00
180101075,2,0.00,0.00
180101075,3,0.00,0.00
180101075,4,0.00,0.00
180101075,5,0.00,0.00
180101075,6,0.00,0.00
180101075,7,0.00,0.00
180101075,8,0.00,0.00
180101096,1,0.00,0.00
180101096,2,0.00,0.00
180101096,3,0.00,0.00
180101096,4,0.00,0.00
180101096,5,0.00,0.00
180101096,6,0.00,0.00
180101096,7,0.00,0.00
180101096,8,0.00,0.00
180123035,1,0.00,0.00
180123035,2,0.00,0.00
180123035,3,0.00,0.00
180123035,4,0.00,0.00
180123035,5,0.00,0.00
180123035,6,0.00,0.00
180123035,7,0.00,0.00
180123035,8,0.00,0.00
180123029,1,0.00,0.00
180123029,2,0.00,0.00
180123029,3,0.00,0.00
180123029,4,0.00,0.00
180123029,5,0.00,0.00
180123029,6,0.00,0.00
180123029,7,0.00,0.00
180123029,8,0.00,0.00
180123013,1,0.00,0.00
180123013,2,0.00,0.00
180123013,3,0.00,0.00
180123013,4,0.00,0.00
180123013,5,0.00,0.00
180123013,6,0.00,0.00
180123013,7,0.00,0.00
180123013,8,0.00,0.00
180123018,1,0.00,0.00
180123018,2,0.00,0.00
180123018,3,0.00,0.00
180123018,4,0.00,0.00
180123018,5,0.00,0.00
180123018,6,0.00,0.00
180123018,7,0.00,0.00
180123018,8,0.00,0.00
180101097,1,0.00,0.00
180101097,2,0.00,0.00
180101097,3,0.00,0.00
180101097,4,0.00,0.00
180101097,5,0.00,0.00
180101097,6,0.00,0.00
180101097,7,0.00,0.00
180101097,8,0.00,0.00
180101087,1,0.00,0.00
180101087,2,0.00,0.00
180101087,3,0.00,0.00
180101087,4,0.00,0.00
180101087,5,0.00,0.00
180101087,6,0.00,0.00
180101087,7,0.00,0.00
180101087,8,0.00,0.00
180123003,1,0.00,0.00
180123003,2,0.00,0.00
180123003,3,0.00,0.00
180123003,4,0.00,0.00
180123003,5,0.00,0.00
180123003,6,0.00,0.00
180123003,7,0.00,0.00
180123003,8,0.00,0.00
180101057,1,0.00,0.00
180101057,2,0.00,0.00
180101057,3,0.00,0.00
180101057,4,0.00,0.00
180101057,5,0.00,0.00
180101057,6,0.00,0.00
180101057,7,0.00,0.00
180101057,8,0.00,0.00
180123020,1,0.00,0.00
180123020,2,0.00,0.00
180123020,3,0.00,0.00
180123020,4,0.00,0.00
180123020,5,0.00,0.00
180123020,6,0.00,0.00
180123020,7,0.00,0.00
180123020,8,0.00,0.00
180101027,1,0.00,0.00
180101027,2,0.00,0.00
180101027,3,0.00,0.00
180101027,4,0.00,0.00
180101027,5,0.00,0.00
180101027,6,0.00,0.00
180101027,7,0.00,0.00
180101027,8,0.00,0.00
180123057,1,0.00,0.00
180123057,2,0.00,0.00
180123057,3,0.00,0.00
180123057,4,0.00,0.00
180123057,5,0.00,0.00
180123057,6,0.00,0.00
180123057,7,0.00,0.00
180123057,8,0.00,0.00
180123038,1,0.00,0.00
180123038,2,0.00,0.00
180123038,3,0.00,0.00
180123038,4,0.00,0.00
180123038,5,0.00,0.00
180123038,6,0.00,0.00
180123038,7,0.00,0.00
180123038,8,0.00,0.00
180123043,1,0.00,0.00
180123043,2,0.00,0.00
180123043,3,0.00,0.00
180123043,4,0.00,0.00
180123043,5,0.00,0.00
180123043,6,0.00,0.00
180123043,7,0.00,0.00
180123043,8,0.00,0.00
180101049,1,0.00,0.00
180101049,2,0.00,0.00
180101049,3,0.00,0.00
180101049,4,0.00,0.00
180101049,5,0.00,0.00
180101049,6,0.00,0.00
180101049,7,0.00,0.00
180101049,8,0.00,0.00
180101035,1,0.00,0.00
180101035,2,0.00,0.00
180101035,3,0.00,0.00
180101035,4,0.00,0.00
180101035,5,0.00,0.00
180101035,6,0.00,0.00
180101035,7,0.00,0.00
180101035,8,0.00,0.00
180101053,1,0.00,0.00
180101053,2,0.00,0.00
180101053,3,0.00,0.00
180101053,4,0.00,0.00
180101053,5,0.00,0.00
180101053,6,0.00,0.00
180101053,7,0.00,0.00
180101053,8,0.00,0.00
180101031,1,0.00,0.00
180101031,2,0.00,0.00
180101031,3,0.00,0.00
180101031,4,0.00,0.00
180101031,5,0.00,0.00
180101031,6,0.00,0.00
180101031,7,0.00,0.00
180101031,8,0.00,0.00
180123006,1,0.00,0.00
180123006,2,0.00,0.00
180123006,3,0.00,0.00
180123006,4,0.00,0.00
180123006,5,0.00,0.00
180123006,6,0.00,0.00
180123006,7,0.00,0.00
180123006,8,0.00,0.00
180123009,1,0.00,0.00
180123009,2,0.00,0.00
180123009,3,0.00,0.00
180123009,4,0.00,0.00
180123009,5,0.00,0.00
180123009,6,0.00,0.00
180123009,7,0.00,0.00
180123009,8,0.00,0.00
180123061,1,0.00,0.00
180123061,2,0.00,0.00
180123061,3,0.00,0.00
180123061,4,0.00,0.00
180123061,5,0.00,0.00
180123061,6,0.00,0.00
180123061,7,0.00,0.00
180123061,8,0.00,0.00
180123041,1,0.00,0.00
180123041,2,0.00,0.00
180123041,3,0.00,0.00
180123041,4,0.00,0.00
180123041,5,0.00,0.00
180123041,6,0.00,0.00
180123041,7,0.00,0.00
180123041,8,0.00,0.00
180101071,1,0.00,0.00
180101071,2,0.00,0.00
180101071,3,0.00,0.00
180101071,4,0.00,0.00
180101071,5,0.00,0.00
180101071,6,0.00,0.00
180101071,7,0.00,0.00
180101071,8,0.00,0.00
180123053,1,0.00,0.00
180123053,2,0.00,0.00
180123053,3,0.00,0.00
180123053,4,0.00,0.00
180123053,5,0.00,0.00
180123053,6,0.00,0.00
180123053,7,0.00,0.00
180123053,8,0.00,0.00
180123031,1,0.00,0.00
180123031,2,0.00,0.00
180123031,3,0.00,0.00
180123031,4,0.00,0.00
180123031,5,0.00,0.00
180123031,6,0.00,0.00
180123031,7,0.00,0.00
180123031,8,0.00,0.00
180123001,1,0.00,0.00
180123001,2,0.00,0.00
180123001,3,0.00,0.00
180123001,4,0.00,0.00
180123001,5,0.00,0.00
180123001,6,0.00,0.00
180123001,7,0.00,0.00
180123001,8,0.00,0.00
180101050,1,0.00,0.00
180101050,2,0.00,0.00
180101050,3,0.00,0.00
180101050,4,0.00,0.00
180101050,5,0.00,0.00
180101050,6,0.00,0.00
180101050,7,0.00,0.00
180101050,8,0.00,0.00
180101094,1,0.00,0.00
180101094,2,0.00,0.00
180101094,3,0.00,0.00
180101094,4,0.00,0.00
180101094,5,0.00,0.00
180101094,6,0.00,0.00
180101094,7,0.00,0.00
180101094,8,0.00,0.00
180101085,1,0.00,0.00
180101085,2,0.00,0.00
180101085,3,0.00,0.00
180101085,4,0.00,0.00
180101085,5,0.00,0.00
180101085,6,0.00,0.00
180101085,7,0.00,0.00
180101085,8,0.00,0.00
180101021,1,0.00,0.00
180101021,2,0.00,0.00
180101021,3,0.00,0.00
180101021,4,0.00,0.00
180101021,5,0.00,0.00
180101021,6,0.00,0.00
180101021,7,0.00,0.00
180101021,8,0.00,0.00
180101038,1,0.00,0.00
180101038,2,0.00,0.00
180101038,3,0.00,0.00
180101038,4,0.00,0.00
180101038,5,0.00,0.00
180101038,6,0.00,0.00
180101038,7,0.00,0.00
180101038,8,0.00,0.00
180123054,1,0.00,0.00
180123054,2,0.00,0.00
180123054,3,0.00,0.00
180123054,4,0.00,0.00
180123054,5,0.00,0.00
180123054,6,0.00,0.00
180123054,7,0.00,0.00
180123054,8,0.00,0.00
180101033,1,0.00,0.00
180101033,2,0.00,0.00
180101033,3,0.00,0.00
180101033,4,0.00,0.00
180101033,5,0.00,0.00
180101033,6,0.00,0.00
180101033,7,0.00,0.00
180101033,8,0.00,0.00
180101051,1,0.00,0.00
180101051,2,0.00,0.00
180101051,3,0.00,0.00
180101051,4,0.00,0.00
180101051,5,0.00,0.00
180101051,6,0.00,0.00
180101051,7,0.00,0.00
180101051,8,0.00,0.00
180123016,1,0.00,0.00
180123016,2,0.00,0.00
180123016,3,0.00,0.00
180123016,4,0.00,0.00
180123016,5,0.00,0.00
180123016,6,0.00,0.00
180123016,7,0.00,0.00
180123016,8,0.00,0.00
180123059,1,0.00,0.00
180123059,2,0.00,0.00
180123059,3,0.00,0.00
180123059,4,0.00,0.00
180123059,5,0.00,0.00
180123059,6,0.00,0.00
180123059,7,0.00,0.00
180123059,8,0.00,0.00
180123047,1,0.00,0.00
180123047,2,0.00,0.00
180123047,3,0.00,0.00
180123047,4,0.00,0.00
180123047,5,0.00,0.00
180123047,6,0.00,0.00
180123047,7,0.00,0.00
180123047,8,0.00,0.00
180123032,1,0.00,0.00
180123032,2,0.00,0.00
180123032,3,0.00,0.00
180123032,4,0.00,0.00
180123032,5,0.00,0.00
180123032,6,0.00,0.00
180123032,7,0.00,0.00
180123032,8,0.00,0.00
180123060,1,0.00,0.00
180123060,2,0.00,0.00
180123060,3,0.00,0.00
180123060,4,0.00,0.00
180123060,5,0.00,0.00
180123060,6,0.00,0.00
180123060,7,0.00,0.00
180123060,8,0.00,0.00
180101098,1,0.00,0.00
180101098,2,0.00,0.00
180101098,3,0.00,0.00
180101098,4,0.00,0.00
180101098,5,0.00,0.00
180101098,6,0.00,0.00
180101098,7,0.00,0.00
180101098,8,0.00,0.00
180101030,1,0.00,0.00
180101030,2,0.00,0.00
180101030,3,0.00,0.00
180101030,4,0.00,0.00
180101030,5,0.00,0.00
180101030,6,0.00,0.00
180101030,7,0.00,0.00
180101030,8,0.00,0.00
180101044,1,0.00,0.00
180101044,2,0.00,0.00
180101044,3,0.00,0.00
180101044,4,0.00,0.00
180101044,5,0.00,0.00
180101044,6,0.00,0.00
180101044,7,0.00,0.00
180101044,8,0.00,0.00
180123049,1,0.00,0.00
180123049,2,0.00,0.00
180123049,3,0.00,0.00
180123049,4,0.00,0.00
180123049,5,0.00,0.00
180123049,6,0.00,0.00
180123049,7,0.00,0.00
180123049,8,0.00,0.00
180101003,1,0.00,0.00
180101003,2,0.00,0.00
180101003,3,0.00,0.00
180101003,4,0.00,0.00
180101003,5,0.00,0.00
180101003,6,0.00,0.00
180101003,7,0.00,0.00
180101003,8,0.00,0.00
180123019,1,0.00,0.00
180123019,2,0.00,0.00
180123019,3,0.00,0.00
180123019,4,0.00,0.00
180123019,5,0.00,0.00
180123019,6,0.00,0.00
180123019,7,0.00,0.00
180123019,8,0.00,0.00
180123036,1,0.00,0.00
180123036,2,0.00,0.00
180123036,3,0.00,0.00
180123036,4,0.00,0.00
180123036,5,0.00,0.00
180123036,6,0.00,0.00
180123036,7,0.00,0.00
180123036,8,0.00,0.00
180101034,1,0.00,0.00
180101034,2,0.00,0.00
180101034,3,0.00,0.00
180101034,4,0.00,0.00
180101034,5,0.00,0.00
180101034,6,0.00,0.00
180101034,7,0.00,0.00
180101034,8,0.00,0.00
180101069,1,0.00,0.00
180101069,2,0.00,0.00
180101069,3,0.00,0.00
180101069,4,0.00,0.00
180101069,5,0.00,0.00
180101069,6,0.00,0.00
180101069,7,0.00,0.00
180101069,8,0.00,0.00
180123044,1,0.00,0.00
180123044,2,0.00,0.00
180123044,3,0.00,0.00
180123044,4,0.00,0.00
180123044,5,0.00,0.00
180123044,6,0.00,0.00
180123044,7,0.00,0.00
180123044,8,0.00,0.00
180101011,1,0.00,0.00
180101011,2,0.00,0.00
180101011,3,0.00,0.00
180101011,4,0.00,0.00
180101011,5,0.00,0.00
180101011,6,0.00,0.00
180101011,7,0.00,0.00
180101011,8,0.00,0.00
180101082,1,0.00,0.00
180101082,2,0.00,0.00
180101082,3,0.00,0.00
180101082,4,0.00,0.00
180101082,5,0.00,0.00
180101082,6,0.00,0.00
180101082,7,0.00,0.00
180101082,8,0.00,0.00
180101079,1,0.00,0.00
180101079,2,0.00,0.00
180101079,3,0.00,0.00
180101079,4,0.00,0.00
180101079,5,0.00,0.00
180101079,6,0.00,0.00
180101079,7,0.00,0.00
180101079,8,0.00,0.00
180123065,1,0.00,0.00
180123065,2,0.00,0.00
180123065,3,0.00,0.00
180123065,4,0.00,0.00
180123065,5,0.00,0.00
180123065,6,0.00,0.00
180123065,7,0.00,0.00
180123065,8,0.00,0.00
180101080,1,0.00,0.00
180101080,2,0.00,0.00
180101080,3,0.00,0.00
180101080,4,0.00,0.00
180101080,5,0.00,0.00
180101080,6,0.00,0.00
180101080,7,0.00,0.00
180101080,8,0.00,0.00
180101022,1,0.00,0.00
180101022,2,0.00,0.00
180101022,3,0.00,0.00
180101022,4,0.00,0.00
180101022,5,0.00,0.00
180101022,6,0.00,0.00
180101022,7,0.00,0.00
180101022,8,0.00,0.00
180101084,1,0.00,0.00
180101084,2,0.00,0.00
180101084,3,0.00,0.00
180101084,4,0.00,0.00
180101084,5,0.00,0.00
180101084,6,0.00,0.00
180101084,7,0.00,0.00
180101084,8,0.00,0.00
180123021,1,0.00,0.00
180123021,2,0.00,0.00
180123021,3,0.00,0.00
180123021,4,0.00,0.00
180123021,5,0.00,0.00
180123021,6,0.00,0.00
180123021,7,0.00,0.00
180123021,8,0.00,0.00
180123046,1,0.00,0.00
180123046,2,0.00,0.00
180123046,3,0.00,0.00
180123046,4,0.00,0.00
180123046,5,0.00,0.00
180123046,6,0.00,0.00
180123046,7,0.00,0.00
180123046,8,0.00,0.00
180123040,1,0.00,0.00
180123040,2,0.00,0.00
180123040,3,0.00,0.00
180123040,4,0.00,0.00
180123040,5,0.00,0.00
180123040,6,0.00,0.00
180123040,7,0.00,0.00
180123040,8,0.00,0.00
180101068,1,0.00,0.00
180101068,2,0.00,0.00
180101068,3,0.00,0.00
180101068,4,0.00,0.00
180101068,5,0.00,0.00
180101068,6,0.00,0.00
180101068,7,0.00,0.00
180101068,8,0.00,0.00
180123011,1,0.00,0.00
180123011,2,0.00,0.00
180123011,3,0.00,0.00
180123011,4,0.00,0.00
180123011,5,0.00,0.00
180123011,6,0.00,0.00
180123011,7,0.00,0.00
180123011,8,0.00,0.00
180101012,1,0.00,0.00
180101012,2,0.00,0.00
180101012,3,0.00,0.00
180101012,4,0.00,0.00
180101012,5,0.00,0.00
180101012,6,0.00,0.00
180101012,7,0.00,0.00
180101012,8,0.00,0.00
180123052,1,0.00,0.00
180123052,2,0.00,0.00
180123052,3,0.00,0.00
180123052,4,0.00,0.00
180123052,5,0.00,0.00
180123052,6,0.00,0.00
180123052,7,0.00,0.00
180123052,8,0.00,0.00
180101004,1,0.00,0.00
180101004,2,0.00,0.00
180101004,3,0.00,0.00
180101004,4,0.00,0.00
180101004,5,0.00,0.00
180101004,6,0.00,0.00
180101004,7,0.00,0.00
180101004,8,0.00,0.00
180123051,1,0.00,0.00
180123051,2,0.00,0.00
180123051,3,0.00,0.00
180123051,4,0.00,0.00
180123051,5,0.00,0.00
180123051,6,0.00,0.00
180123051,7,0.00,0.00
180123051,8,0.00,0.00
180101016,1,0.00,0.00
180101016,2,0.00,0.00
180101016,3,0.00,0.00
180101016,4,0.00,0.00
180101016,5,0.00,0.00
180101016,6,0.00,0.00
180101016,7,0.00,0.00
180101016,8,0.00,0.00
180101062,1,0.00,0.00
180101062,2,0.00,0.00
180101062,3,0.00,0.00
180101062,4,0.00,0.00
180101062,5,0.00,0.00
180101062,6,0.00,0.00
180101062,7,0.00,0.00
180101062,8,0.00,0.00
180101010,1,0.00,0.00
180101010,2,0.00,0.00
180101010,3,0.00,0.00
180101010,4,0.00,0.00
180101010,5,0.00,0.00
180101010,6,0.00,0.00
180101010,7,0.00,0.00
180101010,8,0.00,0.00
180101073,1,0.00,0.00
180101073,2,0.00,0.00
180101073,3,0.00,0.00
180101073,4,0.00,0.00
180101073,5,0.00,0.00
180101073,6,0.00,0.00
180101073,7,0.00,0.00
180101073,8,0.00,0.00
180101060,1,0.00,0.00
180101060,2,0.00,0.00
180101060,3,0.00,0.00
180101060,4,0.00,0.00
180101060,5,0.00,0.00
180101060,6,0.00,0.00
180101060,7,0.00,0.00
180101060,8,0.00,0.00
180101028,1,0.00,0.00
180101028,2,0.00,0.00
180101028,3,0.00,0.00
180101028,4,0.00,0.00
180101028,5,0.00,0.00
180101028,6,0.00,0.00
180101028,7,0.00,0.00
180101028,8,0.00,0.00
180123033,1,0.00,0.00
180123033,2,0.00,0.00
180123033,3,0.00,0.00
180123033,4,0.00,0.00
180123033,5,0.00,0.00
180123033,6,0.00,0.00
180123033,7,0.00,0.00
180123033,8,0.00,0.00
180123050,1,0.00,0.00
180123050,2,0.00,0.00
180123050,3,0.00,0.00
180123050,4,0.00,0.00
180123050,5,0.00,0.00
180123050,6,0.00,0.00
180123050,7,0.00,0.00
180123050,8,0.00,0.00
180123010,1,0.00,0.00
180123010,2,0.00,0.00
180123010,3,0.00,0.00
180123010,4,0.00,0.00
180123010,5,0.00,0.00
180123010,6,0.00,0.00
180123010,7,0.00,0.00
180123010,8,0.00,0.00
180123014,1,0.00,0.00
180123014,2,0.00,0.00
180123014,3,0.00,0.00
180123014,4,0.00,0.00
180123014,5,0.00,0.00
180123014,6,0.00,0.00
180123014,7,0.00,0.00
180123014,8,0.00,0.00
180101072,1,0.00,0.00
180101072,2,0.00,0.00
180101072,3,0.00,0.00
180101072,4,0.00,0.00
180101072,5,0.00,0.00
180101072,6,0.00,0.00
180101072,7,0.00,0.00
180101072,8,0.00,0.00
180101024,1,0.00,0.00
180101024,2,0.00,0.00
180101024,3,0.00,0.00
180101024,4,0.00,0.00
180101024,5,0.00,0.00
180101024,6,0.00,0.00
180101024,7,0.00,0.00
180101024,8,0.00,0.00
180123004,1,0.00,0.00
180123004,2,0.00,0.00
180123004,3,0.00,0.00
180123004,4,0.00,0.00
180123004,5,0.00,0.00
180123004,6,0.00,0.00
180123004,7,0.00,0.00
180123004,8,0.00,0.00
180101095,1,0.00,0.00
180101095,2,0.00,0.00
180101095,3,0.00,0.00
180101095,4,0.00,0.00
180101095,5,0.00,0.00
180101095,6,0.00,0.00
180101095,7,0.00,0.00
180101095,8,0.00,0.00
180101092,1,0.00,0.00
180101092,2,0.00,0.00
180101092,3,0.00,0.00
180101092,4,0.00,0.00
180101092,5,0.00,0.00
180101092,6,0.00,0.00
180101092,7,0.00,0.00
180101092,8,0.00,0.00
180101019,1,0.00,0.00
180101019,2,0.00,0.00
180101019,3,0.00,0.00
180101019,4,0.00,0.00
180101019,5,0.00,0.00
180101019,6,0.00,0.00
180101019,7,0.00,0.00
180101019,8,0.00,0.00
180123064,1,0.00,0.00
180123064,2,0.00,0.00
180123064,3,0.00,0.00
180123064,4,0.00,0.00
180123064,5,0.00,0.00
180123064,6,0.00,0.00
180123064,7,0.00,0.00
180123064,8,0.00,0.00
180101093,1,0.00,0.00
180101093,2,0.00,0.00
180101093,3,0.00,0.00
180101093,4,0.00,0.00
180101093,5,0.00,0.00
180101093,6,0.00,0.00
180101093,7,0.00,0.00
180101093,8,0.00,0.00
180101070,1,0.00,0.00
180101070,2,0.00,0.00
180101070,3,0.00,0.00
180101070,4,0.00,0.00
180101070,5,0.00,0.00
180101070,6,0.00,0.00
180101070,7,0.00,0.00
180101070,8,0.00,0.00
180101054,1,0.00,0.00
180101054,2,0.00,0.00
180101054,3,0.00,0.00
180101054,4,0.00,0.00
180101054,5,0.00,0.00
180101054,6,0.00,0.00
180101054,7,0.00,0.00
180101054,8,0.00,0.00
180123012,1,0.00,0.00
180123012,2,0.00,0.00
180123012,3,0.00,0.00
180123012,4,0.00,0.00
180123012,5,0.00,0.00
180123012,6,0.00,0.00
180123012,7,0.00,0.00
180123012,8,0.00,0.00
180123022,1,0.00,0.00
180123022,2,0.00,0.00
180123022,3,0.00,0.00
180123022,4,0.00,0.00
180123022,5,0.00,0.00
180123022,6,0.00,0.00
180123022,7,0.00,0.00
180123022,8,0.00,0.00
180123002,1,0.00,0.00
180123002,2,0.00,0.00
180123002,3,0.00,0.00
180123002,4,0.00,0.00
180123002,5,0.00,0.00
180123002,6,0.00,0.00
180123002,7,0.00,0.00
180123002,8,0.00,0.00
180101037,1,0.00,0.00
180101037,2,0.00,0.00
180101037,3,0.00,0.00
180101037,4,0.00,0.00
180101037,5,0.00,0.00
180101037,6,0.00,0.00
180101037,7,0.00,0.00
180101037,8,0.00,0.00
180123037,1,0.00,0.00
180123037,2,0.00,0.00
180123037,3,0.00,0.00
180123037,4,0.00,0.00
180123037,5,0.00,0.00
180123037,6,0.00,0.00
180123037,7,0.00,0.00
180123037,8,0.00,0.00
180123055,1,0.00,0.00
180123055,2,0.00,0.00
180123055,3,0.00,0.00
180123055,4,0.00,0.00
180123055,5,0.00,0.00
180123055,6,0.00,0.00
180123055,7,0.00,0.00
180123055,8,0.00,0.00
180101056,1,0.00,0.00
180101056,2,0.00,0.00
180101056,3,0.00,0.00
180101056,4,0.00,0.00
180101056,5,0.00,0.00
180101056,6,0.00,0.00
180101056,7,0.00,0.00
180101056,8,0.00,0.00
180123034,1,0.00,0.00
180123034,2,0.00,0.00
180123034,3,0.00,0.00
180123034,4,0.00,0.00
180123034,5,0.00,0.00
180123034,6,0.00,0.00
180123034,7,0.00,0.00
180123034,8,0.00,0.00
180101013,1,0.00,0.00
180101013,2,0.00,0.00
180101013,3,0.00,0.00
180101013,4,0.00,0.00
180101013,5,0.00,0.00
180101013,6,0.00,0.00
180101013,7,0.00,0.00
180101013,8,0.00,0.00
180123026,1,0.00,0.00
180123026,2,0.00,0.00
180123026,3,0.00,0.00
180123026,4,0.00,0.00
180123026,5,0.00,0.00
180123026,6,0.00,0.00
180123026,7,0.00,0.00
180123026,8,0.00,0.00
180101042,1,0.00,0.00
180101042,2,0.00,0.00
180101042,3,0.00,0.00
180101042,4,0.00,0.00
180101042,5,0.00,0.00
180101042,6,0.00,0.00
180101042,7,0.00,0.00
180101042,8,0.00,0.00
180123058,1,0.00,0.00
180123058,2,0.00,0.00
180123058,3,0.00,0.00
180123058,4,0.00,0.00
180123058,5,0.00,0.00
180123058,6,0.00,0.00
180123058,7,0.00,0.00
180123058,8,0.00,0.00
180123045,1,0.00,0.00
180123045,2,0.00,0.00
180123045,3,0.00,0.00
180123045,4,0.00,0.00
180123045,5,0.00,0.00
180123045,6,0.00,0.00
180123045,7,0.00,0.00
180123045,8,0.00,0.00
180123017,1,0.00,0.00
180123017,2,0.00,0.00
180123017,3,0.00,0.00
180123017,4,0.00,0.00
180123017,5,0.00,0.00
180123017,6,0.00,0.00
180123017,7,0.00,0.00
180123017,8,0.00,0.00
180101066,1,0.00,0.00
180101066,2,0.00,0.00
180101066,3,0.00,0.00
180101066,4,0.00,0.00
180101066,5,0.00,0.00
180101066,6,0.00,0.00
180101066,7,0.00,0.00
180101066,8,0.00,0.00
180123062,1,0.00,0.00
180123062,2,0.00,0.00
180123062,3,0.00,0.00
180123062,4,0.00,0.00
180123062,5,0.00,0.00
180123062,6,0.00,0.00
180123062,7,0.00,0.00
180123062,8,0.00,0.00
180101036,1,0.00,0.00
180101036,2,0.00,0.00
180101036,3,0.00,0.00
180101036,4,0.00,0.00
180101036,5,0.00,0.00
180101036,6,0.00,0.00
180101036,7,0.00,0.00
180101036,8,0.00,0.00
180101064,1,0.00,0.00
180101064,2,0.00,0.00
180101064,3,0.00,0.00
180101064,4,0.00,0.00
180101064,5,0.00,0.00
180101064,6,0.00,0.00
180101064,7,0.00,0.00
180101064,8,0.00,0.00
180101081,1,0.00,0.00
180101081,2,0.00,0.00
180101081,3,0.00,0.00
180101081,4,0.00,0.00
180101081,5,0.00,0.00
180101081,6,0.00,0.00
180101081,7,0.00,0.00
180101081,8,0.00,0.00
180101014,1,0.00,0.00
180101014,2,0.00,0.00
180101014,3,0.00,0.00
180101014,4,0.00,0.00
180101014,5,0.00,0.00
180101014,6,0.00,0.00
180101014,7,0.00,0.00
180101014,8,0.00,0.00
180101006,1,0.00,0.00
180101006,2,0.00,0.00
180101006,3,0.00,0.00
180101006,4,0.00,0.00
180101006,5,0.00,0.00
180101006,6,0.00,0.00
180101006,7,0.00,0.00
180101006,8,0.00,0.00
180101032,1,0.00,0.00
180101032,2,0.00,0.00
180101032,3,0.00,0.00
180101032,4,0.00,0.00
180101032,5,0.00,0.00
180101032,6,0.00,0.00
180101032,7,0.00,0.00
180101032,8,0.00,0.00
180101074,1,0.00,0.00
180101074,2,0.00,0.00
180101074,3,0.00,0.00
180101074,4,0.00,0.00
180101074,5,0.00,0.00
180101074,6,0.00,0.00
180101074,7,0.00,0.00
180101074,8,0.00,0.00
180101076,1,0.00,0.00
180101076,2,0.00,0.00
180101076,3,0.00,0.00
180101076,4,0.00,0.00
180101076,5,0.00,0.00
180101076,6,0.00,0.00
180101076,7,0.00,0.00
180101076,8,0.00,0.00
180123007,1,0.00,0.00
180123007,2,0.00,0.00
180123007,3,0.00,0.00
180123007,4,0.00,0.00
180123007,5,0.00,0.00
180123007,6,0.00,0.00
180123007,7,0.00,0.00
180123007,8,0.00,0.00
180101052,1,0.00,0.00
180101052,2,0.00,0.00
180101052,3,0.00,0.00
180101052,4,0.00,0.00
180101052,5,0.00,0.00
180101052,6,0.00,0.00
180101052,7,0.00,0.00
180101052,8,0.00,0.00
180123063,1,0.00,0.00
180123063,2,0.00,0.00
180123063,3,0.00,0.00
180123063,4,0.00,0.00
180123063,5,0.00,0.00
180123063,6,0.00,0.00
180123063,7,0.00,0.00
180123063,8,0.00,0.00
180101046,1,0.00,0.00
180101046,2,0.00,0.00
180101046,3,0.00,0.00
180101046,4,0.00,0.00
180101046,5,0.00,0.00
180101046,6,0.00,0.00
180101046,7,0.00,0.00
180101046,8,0.00,0.00
180101020,1,0.00,0.00
180101020,2,0.00,0.00
180101020,3,0.00,0.00
180101020,4,0.00,0.00
180101020,5,0.00,0.00
180101020,6,0.00,0.00
180101020,7,0.00,0.00
180101020,8,0.00,0.00
